{"cameraMode":{"drawMode":0,"name":"Shaded","section":"Shading Mode"},"sceneLighting":false,"audioPlay":false,"sceneViewState":{"m_AlwaysRefresh":false,"showFog":true,"showSkybox":false,"showFlares":true,"showImageEffects":true,"showParticleSystems":true,"showVisualEffectGraphs":true,"m_FxEnabled":true},"in2DMode":false,"pivot":{"x":738.6489868164063,"y":13.50624942779541,"z":194.03024291992188},"rotation":{"x":-0.03582419455051422,"y":0.9629948735237122,"z":-0.21161609888076783,"w":-0.16302451491355897},"size":3.6203651428222658,"orthographic":false}