{"cameraMode":{"drawMode":0,"name":"Shaded","section":"Shading Mode"},"sceneLighting":true,"audioPlay":false,"sceneViewState":{"m_AlwaysRefresh":false,"showFog":true,"showSkybox":true,"showFlares":true,"showImageEffects":true,"showParticleSystems":true,"showVisualEffectGraphs":true,"m_FxEnabled":true},"in2DMode":false,"pivot":{"x":749.7513427734375,"y":13.50999641418457,"z":199.92115783691407},"rotation":{"x":0.07467719167470932,"y":-0.040879152715206149,"z":0.0030647325329482557,"w":0.9963704943656921},"size":6.637547016143799,"orthographic":false}